customer_id,customer_name,customer_city,customer_country
1,Mihaela Žigić,Gornji Milanovac,Serbia
2,آوا علیزاده,کاشان,Iran
3,María José Cedillo,Guadalupe Distrito Bravos,Mexico
4,Christian Mccoy,Ballybofey-Stranorlar,Ireland
5,Ratimir Vlahović,Medveđa,Serbia
6,Corina Brunet,S-Chanf,Switzerland
7,اميرمحمد صدر,نجف‌آباد,Iran
8,Pierre-Alain Bonnet,Bettingen,Switzerland
9,Charles Ennis,Minto,Canada
10,Joris Bertrand,Mulhouse,France
11,Lejla Arnaud,Villars-sur-Glâne,Switzerland
12,Samuel French,Dorchester,Canada
13,Morten Grønningsæter,Alta,Norway
14,Sofia Sørensen,Beder,Denmark
15,Milorad Španović,Bačka Palanka,Serbia
16,Amelia Hale,Oxford,United Kingdom
17,Rocío Villa,San Marcos (Mpio. Tonila),Mexico
18,Roope Niemela,Ylitornio,Finland
19,Oğuzhan Balaban,Ağrı,Turkey
20,غزل یاسمی,رشت,Iran
21,Roberto Green,Hervey Bay,Australia
22,Diana Ray,Kinsale,Ireland
23,Mikael Latt,Hamina,Finland
24,Kamila Hadland,Åkrene,Norway
25,Selmo Ribeiro,Rio Claro,Brazil
26,Jeff Holt,Salford,United Kingdom
27,Manuel Kelly,Tweed,Australia
28,Alexis Chan,Cartwright,Canada
29,Eeli Keto,Posio,Finland
30,Odete Silva,Cascavel,Brazil
31,Arturo Benítez,Castellón de la Plana,Spain
32,Dalia Benavídez,Monte Escobedo,Mexico
33,Kasper Salonen,Mynämäki,Finland
34,Cathriona Campbell,Birr,Ireland
35,Madison Diaz,Sunshine Coast,Australia
36,Evangelino Lopes,Barbacena,Brazil
37,Arttu Leppo,Hollola,Finland
38,Leonardo Tafoya,Cerritos de Villa de Pozos,Mexico
39,Mason Johnson,Nelson,New Zealand
40,Kriemhild Huppertz,Arnstein,Germany
41,Önal Kuzucu,Zonguldak,Turkey
42,Flavio Zúñiga,Villa Juárez (La Trozada),Mexico
43,Aada Karvonen,Kemi,Finland
44,Carl Tucker,Cupertino,United States
45,Charlie Park,Tecumseh,Canada
46,Elaine Gonzalez,Anchorage,United States
47,Maximiliano Peralta,Comanjilla,Mexico
48,Fabiola Le Gall,Steffisburg,Switzerland
49,Emily Poulsen,Stoevring,Denmark
50,Julie Sims,Carlisle,United Kingdom
51,Velibor Vrhovac,Paraćin,Serbia
52,Enrique Velasco,San Sebastián de Los Reyes,Spain
53,Adrian Long,Huntsville,United States
54,Jaydee Van Gasteren,Achttienhoven,Netherlands
55,Ralph Meyer,Columbia,United States
56,Prisca Leroy,Wachseldorn,Switzerland
57,Stanislava Zhurmani,Nova Kahovka,Ukraine
58,Sessa Guevara,La Concordia (Rosita),Mexico
59,Necati Karaduman,Trabzon,Turkey
60,Eugenia Tafoya,Nuevo Tantoán,Mexico
61,Sheryl Fuller,Shannon,Ireland
62,Lucie Berger,Le Mans,France
63,Vetle Nazari,Sneltvedt,Norway
64,Charlie Grewal,Tecumseh,Canada
65,Samuel Roberts,Masterton,New Zealand
66,Caridad Almonte,José Guadalupe Aguilera,Mexico
67,Lucas Pelletier,New Glasgow,Canada
68,Lukas Picard,Vitry-sur-Seine,France
69,Elijah Williams,Upper Hutt,New Zealand
70,Roksolana Soyka,Kalinivka,Ukraine
71,Efe Tekelioğlu,Isparta,Turkey
72,Feliciano Fernandes,Crato,Brazil
73,Pavlina Dacenko,Popasna,Ukraine
74,Elias Jørgensen,Aarhus N,Denmark
75,Slavica Thomsen,Friesland,Germany
76,José Manuél Palomo,Cuyutlán,Mexico
77,Debra Kim,York,United Kingdom
78,Patrick Murray,Wollongong,Australia
79,Ronny Roy,Heiligenschwendi,Switzerland
80,Dulce Ureña,Cozumel,Mexico
81,Anders Sanne,Hægeland,Norway
82,Parth Mugeraya,Sasaram,India
83,Randall Berry,Australian Capital Territory,Australia
84,Lenice Cardoso,Patos,Brazil
85,Ildiko Hagel,Hirschhorn (Neckar),Germany
86,Clyde Terry,Laytown-Bettystown-Mornington,Ireland
87,Nihal Kumar,Kakinada,India
88,Laura Parra,Almería,Spain
89,Nixon Brown,Invercargill,New Zealand
90,Linnea Hautala,Toivakka,Finland
91,Claire Gaillard,Nancy,France
92,Aatu Makela,Sauvo,Finland
93,Charlotte White,Waterloo,Canada
94,Eino Jarvela,Närpes,Finland
95,Meral Sandalcı,Malatya,Turkey
96,Mileah Folkestad,Sysle,Norway
97,Paola Gauthier,Varen,Switzerland
98,Evdokija Šakić,Ljubovija,Serbia
99,Adriane Mendes,Garanhuns,Brazil
100,Bertram Thomsen,V.Skerninge,Denmark
